numtopics;average_topic_semdensity_for_10_topwords;model
20;0.316666987945;Only Nouns 500-100
21;0.327406911333;Only Nouns 500-100
22;0.318976708934;Only Nouns 500-100
